{
  "builds": [
    {
      "src": "app.py",
      "use": "@vercel/python"
    },
    {
      "src": "requirements.txt",
      "use": "@vercel/python"
    }
  ],
  "routes": [
    {
      "src": "/static/(.*)",
      "dest": "/static/$1"
    },
    {
      "src": "/(.*)",
      "dest": "app.py"
    }
  ],
  "rewrites": [
    {
      "source": "/(.*)",
      "destination": "/"
    }
  ],
  "headers": [
    {
      "source": "/static/(.*)",
      "headers": [
        {
          "key": "Cache-Control",
          "value": "public, max-age=31536000, immutable"
        }
      ]
    },
    {
      "source": "/(.*)",
      "headers": [
        {
          "key": "X-Frame-Options",
          "value": "DENY"
        },
        {
          "key": "X-Content-Type-Options",
          "value": "nosniff"
        },
        {
          "key": "Referrer-Policy",
          "value": "strict-origin-when-cross-origin"
        }
      ]
    }
  ],
  "env": {
    "PYTHON_VERSION": "3.9"
  }
}